nr_dpus,input_size,transfer_type,cpu-dpu_time,dpu-cpu_time
1,16384,PARALLEL,0.2117,0.008100000000000001
1,16384,BROADCAST,0.21660000000000004,0.0167
1,16384,SERIAL,0.21680000000000002,0.008899999999999998
1,393216,PARALLEL,0.7558999999999999,0.015300000000000003
1,393216,BROADCAST,0.8333999999999999,0.2875
1,393216,SERIAL,0.7562,0.0129
1,786432,PARALLEL,1.3498,0.0254
1,786432,BROADCAST,1.847,0.642
1,786432,SERIAL,1.4917000000000002,0.0165
2,16384,PARALLEL,0.207,0.0124
2,16384,BROADCAST,0.2481,0.0242
2,16384,SERIAL,0.22539999999999996,0.011899999999999997
2,393216,PARALLEL,0.7046,0.013800000000000002
2,393216,BROADCAST,0.6643000000000001,0.1993
2,393216,SERIAL,0.7647999999999999,0.015199999999999997
2,786432,PARALLEL,0.9484,0.015200000000000002
2,786432,BROADCAST,1.0491,0.39980000000000004
2,786432,SERIAL,0.9354000000000001,0.015899999999999997
3,16384,PARALLEL,0.27949999999999997,0.0142
3,16384,BROADCAST,0.2513,0.026199999999999994
3,16384,SERIAL,0.29400000000000004,0.013000000000000001
3,393216,PARALLEL,0.5826,0.016800000000000002
3,393216,BROADCAST,0.48069999999999996,0.17860000000000004
3,393216,SERIAL,0.5578000000000001,0.013800000000000002
3,786432,PARALLEL,0.8692,0.0152
3,786432,BROADCAST,0.8297000000000001,0.2831
3,786432,SERIAL,0.9269999999999999,0.0172
4,16384,PARALLEL,0.36899999999999994,0.0158
4,16384,BROADCAST,0.3532,0.0323
4,16384,SERIAL,0.23349999999999999,0.0129
4,393216,PARALLEL,0.6280999999999999,0.020699999999999996
4,393216,BROADCAST,0.6111,0.154
4,393216,SERIAL,0.5729,0.017499999999999998
4,786432,PARALLEL,0.9539,0.021300000000000003
4,786432,BROADCAST,1.0321,0.2697
4,786432,SERIAL,0.9028,0.018600000000000002
5,16384,PARALLEL,0.386,0.0165
5,16384,BROADCAST,0.3657,0.026499999999999996
5,16384,SERIAL,0.3568,0.017499999999999998
5,393216,PARALLEL,0.6790999999999999,0.018
5,393216,BROADCAST,0.6603,0.15699999999999997
5,393216,SERIAL,0.6247,0.015899999999999997
5,786432,PARALLEL,1.0846999999999998,0.0185
5,786432,BROADCAST,1.0006,0.2435
5,786432,SERIAL,0.9808,0.0226
6,16384,PARALLEL,0.433,0.016
6,16384,BROADCAST,0.43080000000000007,0.029000000000000005
6,16384,SERIAL,0.3737,0.0167
6,393216,PARALLEL,0.6977999999999999,0.0193
6,393216,BROADCAST,0.6225999999999999,0.1627
6,393216,SERIAL,0.6197999999999999,0.016999999999999998
6,786432,PARALLEL,0.8336,0.022200000000000004
6,786432,BROADCAST,0.9163999999999998,0.2565
6,786432,SERIAL,0.8831,0.0218
7,16384,PARALLEL,0.404,0.026600000000000002
7,16384,BROADCAST,0.49380000000000007,0.03130000000000001
7,16384,SERIAL,0.38900000000000007,0.0215
7,393216,PARALLEL,0.6897,0.0198
7,393216,BROADCAST,0.6910999999999999,0.1427
7,393216,SERIAL,0.8549999999999999,0.0218
7,786432,PARALLEL,0.9644999999999999,0.022899999999999997
7,786432,BROADCAST,0.8362999999999999,0.2346
7,786432,SERIAL,0.8160000000000001,0.0209
8,16384,PARALLEL,0.4192,0.024600000000000004
8,16384,BROADCAST,0.4516,0.0303
8,16384,SERIAL,0.4321,0.020499999999999997
8,393216,PARALLEL,0.7116,0.030899999999999993
8,393216,BROADCAST,0.6403999999999999,0.1379
8,393216,SERIAL,0.6053,0.0238
8,786432,PARALLEL,0.9591,0.03270000000000001
8,786432,BROADCAST,0.8866999999999999,0.25270000000000004
8,786432,SERIAL,0.9231999999999999,0.0264
9,16384,PARALLEL,0.42429999999999995,0.024299999999999995
9,16384,BROADCAST,0.453,0.0327
9,16384,SERIAL,0.42969999999999997,0.024
9,393216,PARALLEL,0.6054000000000002,0.0217
9,393216,BROADCAST,0.7077,0.1504
9,393216,SERIAL,0.6043000000000001,0.028700000000000003
9,786432,PARALLEL,1.0778,0.027200000000000002
9,786432,BROADCAST,1.0275,0.22280000000000003
9,786432,SERIAL,0.9364000000000001,0.030700000000000005
10,16384,PARALLEL,0.45969999999999994,0.022799999999999997
10,16384,BROADCAST,0.4715,0.0415
10,16384,SERIAL,0.4769,0.0244
10,393216,PARALLEL,0.6297,0.031700000000000006
10,393216,BROADCAST,0.6041000000000001,0.1284
10,393216,SERIAL,0.6174000000000001,0.027099999999999996
10,786432,PARALLEL,0.8635999999999999,0.0331
10,786432,BROADCAST,0.8595,0.2239
10,786432,SERIAL,0.8818999999999999,0.027199999999999995
11,16384,PARALLEL,0.4702,0.0306
11,16384,BROADCAST,0.46510000000000007,0.038900000000000004
11,16384,SERIAL,0.5057,0.0334
11,393216,PARALLEL,0.7061,0.038400000000000004
11,393216,BROADCAST,0.6382,0.1386
11,393216,SERIAL,0.6269,0.030299999999999994
11,786432,PARALLEL,0.8115,0.03849999999999999
11,786432,BROADCAST,0.9062000000000001,0.2486
11,786432,SERIAL,0.8537999999999999,0.0321
12,16384,PARALLEL,0.441,0.0385
12,16384,BROADCAST,0.4941,0.04159999999999999
12,16384,SERIAL,0.5079,0.030700000000000005
12,393216,PARALLEL,0.6712999999999999,0.0419
12,393216,BROADCAST,0.6775000000000001,0.12840000000000001
12,393216,SERIAL,0.6272,0.035100000000000006
12,786432,PARALLEL,0.9596,0.0358
12,786432,BROADCAST,0.8825,0.19569999999999999
12,786432,SERIAL,1.0353999999999999,0.0482
13,16384,PARALLEL,0.4859,0.0427
13,16384,BROADCAST,0.5183,0.0399
13,16384,SERIAL,0.49729999999999996,0.0373
13,393216,PARALLEL,0.6803,0.046799999999999994
13,393216,BROADCAST,0.6003999999999999,0.12689999999999999
13,393216,SERIAL,0.6462,0.0432
13,786432,PARALLEL,0.8577,0.0413
13,786432,BROADCAST,0.8462,0.1959
13,786432,SERIAL,0.8793,0.044099999999999986
14,16384,PARALLEL,0.499,0.0396
14,16384,BROADCAST,0.49800000000000005,0.04379999999999999
14,16384,SERIAL,0.5193,0.043699999999999996
14,393216,PARALLEL,0.8544,0.0422
14,393216,BROADCAST,0.7069,0.1535
14,393216,SERIAL,0.6645,0.04280000000000001
14,786432,PARALLEL,0.9797999999999998,0.0445
14,786432,BROADCAST,0.8988000000000002,0.19360000000000002
14,786432,SERIAL,0.8945000000000001,0.051000000000000004
15,16384,PARALLEL,0.5122,0.038099999999999995
15,16384,BROADCAST,0.5734000000000001,0.049499999999999995
15,16384,SERIAL,0.5309,0.042300000000000004
15,393216,PARALLEL,0.7132999999999999,0.0464
15,393216,BROADCAST,0.7872,0.1378
15,393216,SERIAL,0.6788,0.04569999999999999
15,786432,PARALLEL,0.9969000000000001,0.0558
15,786432,BROADCAST,0.9724,0.2237
15,786432,SERIAL,1.0317999999999998,0.0561
16,16384,PARALLEL,0.5505,0.044599999999999994
16,16384,BROADCAST,0.5763,0.04869999999999999
16,16384,SERIAL,0.5446,0.0504
16,393216,PARALLEL,0.8462999999999999,0.050400000000000014
16,393216,BROADCAST,0.7246,0.1386
16,393216,SERIAL,0.7501,0.0521
16,786432,PARALLEL,1.0370000000000001,0.04989999999999999
16,786432,BROADCAST,0.9761999999999997,0.21400000000000002
16,786432,SERIAL,0.9941000000000001,0.05489999999999999
17,16384,PARALLEL,0.5606,0.0512
17,16384,BROADCAST,0.5521,0.0583
17,16384,SERIAL,0.5761,0.046299999999999994
17,393216,PARALLEL,0.7649,0.05329999999999999
17,393216,BROADCAST,0.7546,0.2379
17,393216,SERIAL,0.7440000000000001,0.0517
17,786432,PARALLEL,1.0237,0.059899999999999995
17,786432,BROADCAST,0.9898999999999999,0.3081
17,786432,SERIAL,1.2022999999999997,0.057800000000000004
18,16384,PARALLEL,0.6037,0.05369999999999999
18,16384,BROADCAST,0.6056999999999999,0.053099999999999994
18,16384,SERIAL,0.5891,0.0498
18,393216,PARALLEL,0.7363,0.0543
18,393216,BROADCAST,0.7757000000000001,0.1449
18,393216,SERIAL,0.8013999999999999,0.06210000000000001
18,786432,PARALLEL,0.9921,0.07970000000000001
18,786432,BROADCAST,0.9777000000000001,0.22080000000000002
18,786432,SERIAL,1.0211000000000001,0.05199999999999999
19,16384,PARALLEL,0.6316999999999999,0.05739999999999999
19,16384,BROADCAST,0.6355,0.059899999999999995
19,16384,SERIAL,0.6078,0.05500000000000001
19,393216,PARALLEL,0.8866999999999999,0.05720000000000001
19,393216,BROADCAST,0.8607000000000001,0.13810000000000003
19,393216,SERIAL,0.7657,0.0612
19,786432,PARALLEL,0.9865999999999999,0.05439999999999999
19,786432,BROADCAST,1.0774000000000001,0.2113
19,786432,SERIAL,1.1075000000000002,0.05639999999999999
20,16384,PARALLEL,0.6346,0.0627
20,16384,BROADCAST,0.6251,0.0617
20,16384,SERIAL,0.6202,0.053000000000000005
20,393216,PARALLEL,0.9163,0.05700000000000001
20,393216,BROADCAST,0.8083,0.131
20,393216,SERIAL,0.908,0.05790000000000001
20,786432,PARALLEL,1.0121000000000002,0.059
20,786432,BROADCAST,1.0794000000000001,0.22359999999999997
20,786432,SERIAL,1.0647,0.05870000000000001
21,16384,PARALLEL,0.6616,0.05499999999999999
21,16384,BROADCAST,0.6691,0.0623
21,16384,SERIAL,0.7577,0.05800000000000001
21,393216,PARALLEL,0.9030999999999999,0.0764
21,393216,BROADCAST,0.8114999999999999,0.13499999999999998
21,393216,SERIAL,0.8521000000000001,0.0615
21,786432,PARALLEL,1.1118,0.0671
21,786432,BROADCAST,1.1356,0.2391
21,786432,SERIAL,1.126,0.06439999999999999
22,16384,PARALLEL,0.6940999999999999,0.059199999999999996
22,16384,BROADCAST,0.7110000000000001,0.06380000000000001
22,16384,SERIAL,0.6892,0.056900000000000006
22,393216,PARALLEL,0.8317,0.05800000000000001
22,393216,BROADCAST,0.9599,0.1399
22,393216,SERIAL,0.7996999999999999,0.061
22,786432,PARALLEL,1.1295,0.06119999999999999
22,786432,BROADCAST,1.065,0.2162
22,786432,SERIAL,1.1522999999999999,0.0675
23,16384,PARALLEL,0.7530999999999999,0.0655
23,16384,BROADCAST,0.7071999999999999,0.0795
23,16384,SERIAL,0.6717000000000001,0.05920000000000001
23,393216,PARALLEL,0.8736,0.0675
23,393216,BROADCAST,0.8402000000000001,0.13940000000000002
23,393216,SERIAL,0.9319,0.0601
23,786432,PARALLEL,1.0515,0.05940000000000001
23,786432,BROADCAST,1.1602999999999999,0.23370000000000002
23,786432,SERIAL,1.2489000000000001,0.0643
24,16384,PARALLEL,0.7424999999999999,0.06839999999999999
24,16384,BROADCAST,0.7053,0.0661
24,16384,SERIAL,0.7163,0.06100000000000001
24,393216,PARALLEL,1.0121,0.07490000000000001
24,393216,BROADCAST,0.8928,0.14700000000000002
24,393216,SERIAL,0.8931999999999999,0.0623
24,786432,PARALLEL,1.1404,0.057600000000000005
24,786432,BROADCAST,1.1602000000000001,0.21480000000000002
24,786432,SERIAL,1.2739999999999998,0.06130000000000001
25,16384,PARALLEL,0.8168000000000001,0.0748
25,16384,BROADCAST,0.7259,0.06910000000000001
25,16384,SERIAL,0.7414000000000001,0.06359999999999999
25,393216,PARALLEL,1.0077,0.0634
25,393216,BROADCAST,0.8898999999999999,0.1411
25,393216,SERIAL,0.8908999999999999,0.0591
25,786432,PARALLEL,1.1188,0.0744
25,786432,BROADCAST,1.2988000000000002,0.22749999999999998
25,786432,SERIAL,1.235,0.0706
26,16384,PARALLEL,0.8172,0.08349999999999999
26,16384,BROADCAST,0.7607,0.0753
26,16384,SERIAL,0.7426,0.059899999999999995
26,393216,PARALLEL,0.9851000000000001,0.06080000000000001
26,393216,BROADCAST,1.0745,0.1524
26,393216,SERIAL,0.9663,0.06799999999999999
26,786432,PARALLEL,1.3007000000000002,0.06920000000000001
26,786432,BROADCAST,1.3272000000000002,0.33120000000000005
26,786432,SERIAL,1.1783,0.07239999999999999
27,16384,PARALLEL,0.784,0.0769
27,16384,BROADCAST,0.7929999999999999,0.0732
27,16384,SERIAL,0.7760999999999999,0.0738
27,393216,PARALLEL,1.0119000000000002,0.07500000000000001
27,393216,BROADCAST,1.1325,0.14189999999999997
27,393216,SERIAL,0.9955,0.0678
27,786432,PARALLEL,1.2626000000000004,0.07039999999999999
27,786432,BROADCAST,1.2557,0.3338
27,786432,SERIAL,1.3475,0.0754
28,16384,PARALLEL,0.8206,0.06659999999999999
28,16384,BROADCAST,0.8781000000000001,0.08199999999999999
28,16384,SERIAL,0.8150999999999999,0.0732
28,393216,PARALLEL,1.1038,0.0631
28,393216,BROADCAST,1.0916000000000001,0.14079999999999998
28,393216,SERIAL,1.0577999999999999,0.0715
28,786432,PARALLEL,1.2608,0.0868
28,786432,BROADCAST,1.3218,0.3255
28,786432,SERIAL,1.2918999999999998,0.0717
29,16384,PARALLEL,0.8422999999999998,0.0821
29,16384,BROADCAST,0.8295,0.0854
29,16384,SERIAL,0.8271999999999998,0.06720000000000001
29,393216,PARALLEL,1.0777,0.07339999999999999
29,393216,BROADCAST,1.1358000000000001,0.1421
29,393216,SERIAL,1.0848,0.07410000000000001
29,786432,PARALLEL,1.4143999999999999,0.0837
29,786432,BROADCAST,1.3666000000000003,0.24310000000000004
29,786432,SERIAL,1.2957,0.07849999999999999
30,16384,PARALLEL,0.9673,0.0803
30,16384,BROADCAST,0.9480999999999999,0.08379999999999999
30,16384,SERIAL,0.907,0.06799999999999999
30,393216,PARALLEL,1.0487999999999997,0.0692
30,393216,BROADCAST,1.1839,0.14600000000000002
30,393216,SERIAL,1.1787999999999998,0.07269999999999999
30,786432,PARALLEL,1.4163000000000001,0.0856
30,786432,BROADCAST,1.3037,0.2274
30,786432,SERIAL,1.3591,0.07110000000000001
31,16384,PARALLEL,0.9298000000000002,0.07799999999999999
31,16384,BROADCAST,0.8962999999999999,0.0851
31,16384,SERIAL,0.8977,0.07819999999999999
31,393216,PARALLEL,1.1432,0.07460000000000001
31,393216,BROADCAST,1.1131,0.15340000000000004
31,393216,SERIAL,1.1261,0.07519999999999999
31,786432,PARALLEL,1.4647000000000001,0.0849
31,786432,BROADCAST,1.3467,0.2171
31,786432,SERIAL,1.3712,0.07659999999999997
32,16384,PARALLEL,0.9965999999999999,0.0881
32,16384,BROADCAST,1.0212999999999999,0.08579999999999999
32,16384,SERIAL,1.0483,0.08519999999999998
32,393216,PARALLEL,1.1486,0.0752
32,393216,BROADCAST,1.2348,0.1436
32,393216,SERIAL,1.1601,0.0727
32,786432,PARALLEL,1.3733,0.0861
32,786432,BROADCAST,1.4249000000000003,0.24180000000000001
32,786432,SERIAL,1.3840999999999999,0.0786
33,16384,PARALLEL,0.99,0.08859999999999998
33,16384,BROADCAST,0.9829000000000001,0.08549999999999999
33,16384,SERIAL,0.9266,0.06899999999999999
33,393216,PARALLEL,1.1723,0.09080000000000002
33,393216,BROADCAST,1.3199999999999998,0.1641
33,393216,SERIAL,1.3064000000000002,0.08459999999999998
33,786432,PARALLEL,1.4538000000000002,0.096
33,786432,BROADCAST,1.4233,0.24250000000000002
33,786432,SERIAL,1.5589000000000002,0.0827
34,16384,PARALLEL,1.0514,0.08159999999999999
34,16384,BROADCAST,1.0009,0.08809999999999998
34,16384,SERIAL,1.0479999999999998,0.076
34,393216,PARALLEL,1.2456999999999998,0.079
34,393216,BROADCAST,1.1797,0.253
34,393216,SERIAL,1.3094000000000001,0.07309999999999998
34,786432,PARALLEL,1.3875000000000002,0.1085
34,786432,BROADCAST,1.3905,0.25
34,786432,SERIAL,1.5451000000000001,0.09949999999999999
35,16384,PARALLEL,1.0234999999999999,0.08539999999999999
35,16384,BROADCAST,1.0693,0.09969999999999998
35,16384,SERIAL,1.0601,0.08139999999999999
35,393216,PARALLEL,1.2294,0.09229999999999998
35,393216,BROADCAST,1.2055,0.15860000000000002
35,393216,SERIAL,1.2338,0.076
35,786432,PARALLEL,1.5251000000000003,0.09689999999999999
35,786432,BROADCAST,1.6260999999999999,0.2511
35,786432,SERIAL,1.6216000000000002,0.09409999999999999
36,16384,PARALLEL,1.053,0.078
36,16384,BROADCAST,1.0929000000000002,0.08929999999999998
36,16384,SERIAL,1.1205,0.07449999999999998
36,393216,PARALLEL,1.3835,0.1048
36,393216,BROADCAST,1.2404,0.1613
36,393216,SERIAL,1.3064,0.0827
36,786432,PARALLEL,1.5315,0.09109999999999999
36,786432,BROADCAST,1.4191000000000003,0.2492
36,786432,SERIAL,1.4501,0.09689999999999999
37,16384,PARALLEL,1.1008,0.07310000000000001
37,16384,BROADCAST,1.0683,0.0797
37,16384,SERIAL,1.0878999999999999,0.07529999999999999
37,393216,PARALLEL,1.4954999999999998,0.0879
37,393216,BROADCAST,1.3565999999999998,0.1629
37,393216,SERIAL,1.3615,0.0928
37,786432,PARALLEL,1.4711,0.09359999999999999
37,786432,BROADCAST,1.5889000000000002,0.24
37,786432,SERIAL,1.5334999999999999,0.08309999999999998
38,16384,PARALLEL,1.1560000000000001,0.08549999999999999
38,16384,BROADCAST,1.2799,0.10179999999999997
38,16384,SERIAL,1.1201,0.079
38,393216,PARALLEL,1.3604,0.09509999999999999
38,393216,BROADCAST,1.3624999999999998,0.1627
38,393216,SERIAL,1.4224999999999999,0.08509999999999998
38,786432,PARALLEL,1.4783000000000002,0.09569999999999998
38,786432,BROADCAST,1.7431,0.25660000000000005
38,786432,SERIAL,1.6077999999999997,0.0943
39,16384,PARALLEL,1.2407,0.07609999999999999
39,16384,BROADCAST,1.2282000000000002,0.09490000000000001
39,16384,SERIAL,1.1933000000000002,0.08109999999999998
39,393216,PARALLEL,1.3683,0.10019999999999998
39,393216,BROADCAST,1.3524,0.16149999999999998
39,393216,SERIAL,1.3946,0.08709999999999998
39,786432,PARALLEL,1.6355,0.131
39,786432,BROADCAST,1.5025000000000002,0.24630000000000002
39,786432,SERIAL,1.6313,0.09749999999999999
40,16384,PARALLEL,1.3082999999999998,0.11279999999999998
40,16384,BROADCAST,1.2052,0.08939999999999998
40,16384,SERIAL,1.1698,0.0909
40,393216,PARALLEL,1.5373,0.10269999999999999
40,393216,BROADCAST,1.4733,0.16649999999999998
40,393216,SERIAL,1.6779,0.092
40,786432,PARALLEL,1.6358000000000001,0.11129999999999998
40,786432,BROADCAST,1.5803999999999998,0.2535
40,786432,SERIAL,1.5782,0.09109999999999999
41,16384,PARALLEL,1.2288000000000001,0.094
41,16384,BROADCAST,1.2544999999999997,0.08929999999999999
41,16384,SERIAL,1.2449,0.07819999999999999
41,393216,PARALLEL,1.3831000000000002,0.11679999999999999
41,393216,BROADCAST,1.4983,0.1719
41,393216,SERIAL,1.4243000000000001,0.08849999999999998
41,786432,PARALLEL,1.7497,0.09159999999999999
41,786432,BROADCAST,1.6732000000000002,0.26249999999999996
41,786432,SERIAL,1.7469999999999999,0.09689999999999999
42,16384,PARALLEL,1.232,0.09369999999999998
42,16384,BROADCAST,1.2184,0.1059
42,16384,SERIAL,1.1907,0.0894
42,393216,PARALLEL,1.3901000000000001,0.09589999999999999
42,393216,BROADCAST,1.4635000000000002,0.17179999999999998
42,393216,SERIAL,1.4518,0.1056
42,786432,PARALLEL,1.8405999999999998,0.1272
42,786432,BROADCAST,1.6843,0.25939999999999996
42,786432,SERIAL,1.6237000000000001,0.09809999999999999
43,16384,PARALLEL,1.3174,0.11789999999999998
43,16384,BROADCAST,1.3401,0.1065
43,16384,SERIAL,1.3149000000000002,0.09319999999999998
43,393216,PARALLEL,1.6222999999999999,0.10419999999999999
43,393216,BROADCAST,1.5392999999999997,0.1714
43,393216,SERIAL,1.6732,0.09759999999999999
43,786432,PARALLEL,1.6655000000000002,0.1265
43,786432,BROADCAST,1.6215,0.2685
43,786432,SERIAL,1.6830000000000003,0.1066
44,16384,PARALLEL,1.2898,0.09269999999999998
44,16384,BROADCAST,1.3555000000000004,0.10869999999999999
44,16384,SERIAL,1.2985000000000002,0.09949999999999999
44,393216,PARALLEL,1.5773,0.1042
44,393216,BROADCAST,1.6202999999999999,0.18060000000000004
44,393216,SERIAL,1.6663000000000001,0.1001
44,786432,PARALLEL,1.7721,0.10880000000000001
44,786432,BROADCAST,1.7801000000000002,0.3491
44,786432,SERIAL,1.6534,0.1085
45,16384,PARALLEL,1.4460000000000002,0.12040000000000002
45,16384,BROADCAST,1.3148999999999997,0.1058
45,16384,SERIAL,1.3356999999999999,0.09059999999999999
45,393216,PARALLEL,1.5188,0.1166
45,393216,BROADCAST,1.5911,0.17429999999999998
45,393216,SERIAL,1.6275,0.1056
45,786432,PARALLEL,1.7018,0.1083
45,786432,BROADCAST,1.8731000000000002,0.26630000000000004
45,786432,SERIAL,1.8582,0.10700000000000001
46,16384,PARALLEL,1.5162,0.1066
46,16384,BROADCAST,1.3504,0.10189999999999999
46,16384,SERIAL,1.3271,0.09219999999999998
46,393216,PARALLEL,1.5099999999999998,0.1016
46,393216,BROADCAST,1.5464,0.18430000000000002
46,393216,SERIAL,1.6934999999999998,0.1105
46,786432,PARALLEL,1.9817,0.20739999999999997
46,786432,BROADCAST,1.9027999999999998,0.28079999999999994
46,786432,SERIAL,1.8884000000000003,0.10400000000000001
47,16384,PARALLEL,1.3684,0.10289999999999999
47,16384,BROADCAST,1.3659999999999999,0.10879999999999998
47,16384,SERIAL,1.3542,0.1082
47,393216,PARALLEL,1.6717,0.1159
47,393216,BROADCAST,1.8075999999999997,0.19270000000000004
47,393216,SERIAL,1.5709000000000002,0.1129
47,786432,PARALLEL,1.689,0.1139
47,786432,BROADCAST,1.768,0.26580000000000004
47,786432,SERIAL,1.7907,0.1085
48,16384,PARALLEL,1.4647999999999999,0.09359999999999999
48,16384,BROADCAST,1.3346000000000002,0.09629999999999998
48,16384,SERIAL,1.3933,0.09829999999999998
48,393216,PARALLEL,1.6591999999999998,0.12969999999999998
48,393216,BROADCAST,1.6126999999999998,0.17759999999999998
48,393216,SERIAL,1.6085999999999998,0.11839999999999999
48,786432,PARALLEL,1.7920000000000005,0.12459999999999997
48,786432,BROADCAST,1.7363000000000004,0.2618
48,786432,SERIAL,1.8846000000000003,0.1136
49,16384,PARALLEL,1.3988,0.0923
49,16384,BROADCAST,1.4591999999999998,0.11669999999999998
49,16384,SERIAL,1.3851,0.09879999999999999
49,393216,PARALLEL,1.5909,0.12110000000000001
49,393216,BROADCAST,1.7123000000000002,0.1871
49,393216,SERIAL,1.8049,0.11240000000000001
49,786432,PARALLEL,1.8851000000000002,0.1302
49,786432,BROADCAST,1.8871000000000002,0.26210000000000006
49,786432,SERIAL,1.7828999999999997,0.11540000000000002
50,16384,PARALLEL,1.5121000000000002,0.10400000000000001
50,16384,BROADCAST,1.4814999999999998,0.1318
50,16384,SERIAL,1.4484000000000001,0.09859999999999998
50,393216,PARALLEL,1.8653000000000002,0.11149999999999997
50,393216,BROADCAST,1.8786,0.19340000000000002
50,393216,SERIAL,1.7414999999999998,0.1092
50,786432,PARALLEL,1.7724,0.1081
50,786432,BROADCAST,1.8060000000000003,0.2599
50,786432,SERIAL,2.0282,0.1189
51,16384,PARALLEL,1.4511999999999996,0.10629999999999999
51,16384,BROADCAST,1.4411999999999998,0.1079
51,16384,SERIAL,1.5143,0.10369999999999999
51,393216,PARALLEL,1.7769999999999997,0.09769999999999998
51,393216,BROADCAST,1.7391,0.17930000000000001
51,393216,SERIAL,1.6724,0.0978
51,786432,PARALLEL,2.0025000000000004,0.1137
51,786432,BROADCAST,2.0557,0.2691
51,786432,SERIAL,1.8893999999999997,0.10719999999999999
52,16384,PARALLEL,1.5417,0.11910000000000001
52,16384,BROADCAST,1.5484000000000002,0.1127
52,16384,SERIAL,1.5523000000000002,0.10800000000000001
52,393216,PARALLEL,1.7155,0.10429999999999999
52,393216,BROADCAST,2.1456,0.1972
52,393216,SERIAL,1.8015,0.1135
52,786432,PARALLEL,1.9624,0.123
52,786432,BROADCAST,1.8690000000000004,0.26130000000000003
52,786432,SERIAL,2.008,0.20729999999999998
53,16384,PARALLEL,1.5323999999999998,0.11189999999999997
53,16384,BROADCAST,1.5814,0.1437
53,16384,SERIAL,1.5334999999999999,0.1051
53,393216,PARALLEL,1.8326,0.12079999999999999
53,393216,BROADCAST,1.9070999999999998,0.18450000000000003
53,393216,SERIAL,1.8530000000000004,0.10779999999999998
53,786432,PARALLEL,1.9222000000000001,0.12210000000000001
53,786432,BROADCAST,1.9997999999999998,0.2604
53,786432,SERIAL,1.8893999999999997,0.11380000000000001
54,16384,PARALLEL,1.5741,0.12430000000000001
54,16384,BROADCAST,1.5875,0.1143
54,16384,SERIAL,1.6421,0.1081
54,393216,PARALLEL,1.8225000000000002,0.122
54,393216,BROADCAST,1.7556,0.193
54,393216,SERIAL,1.7746,0.10629999999999999
54,786432,PARALLEL,2.2399999999999998,0.1655
54,786432,BROADCAST,2.112,0.27030000000000004
54,786432,SERIAL,2.0574000000000003,0.11800000000000002
55,16384,PARALLEL,1.6177999999999997,0.12869999999999998
55,16384,BROADCAST,1.6517,0.1515
55,16384,SERIAL,1.6335000000000002,0.1095
55,393216,PARALLEL,1.8679000000000001,0.11299999999999999
55,393216,BROADCAST,1.8811,0.18760000000000002
55,393216,SERIAL,1.7805999999999997,0.1113
55,786432,PARALLEL,2.1234,0.12630000000000002
55,786432,BROADCAST,1.9934,0.2753
55,786432,SERIAL,2.0202999999999998,0.1213
56,16384,PARALLEL,1.6641000000000001,0.11539999999999999
56,16384,BROADCAST,1.6059,0.11850000000000001
56,16384,SERIAL,1.6357000000000004,0.1196
56,393216,PARALLEL,1.8726000000000003,0.12789999999999999
56,393216,BROADCAST,1.9339999999999997,0.1983
56,393216,SERIAL,1.8362000000000003,0.11610000000000001
56,786432,PARALLEL,2.2755,0.13620000000000002
56,786432,BROADCAST,1.9990999999999999,0.28169999999999995
56,786432,SERIAL,2.0737,0.10869999999999999
57,16384,PARALLEL,1.7079999999999997,0.11340000000000001
57,16384,BROADCAST,1.6199000000000001,0.1346
57,16384,SERIAL,1.6524,0.1011
57,393216,PARALLEL,1.9500000000000004,0.1367
57,393216,BROADCAST,1.8610999999999998,0.1913
57,393216,SERIAL,2.0424,0.1111
57,786432,PARALLEL,1.9737000000000002,0.1153
57,786432,BROADCAST,1.9919,0.2686
57,786432,SERIAL,2.025,0.1217
58,16384,PARALLEL,1.6841000000000002,0.13169999999999998
58,16384,BROADCAST,1.6601,0.1366
58,16384,SERIAL,1.7187000000000001,0.1137
58,393216,PARALLEL,1.9597000000000002,0.11439999999999999
58,393216,BROADCAST,1.9368999999999996,0.2933
58,393216,SERIAL,1.8840000000000003,0.11910000000000003
58,786432,PARALLEL,2.2188000000000003,0.1331
58,786432,BROADCAST,2.2004,0.3567
58,786432,SERIAL,2.0711,0.11189999999999997
59,16384,PARALLEL,1.7603000000000002,0.1162
59,16384,BROADCAST,1.7191999999999996,0.11789999999999998
59,16384,SERIAL,1.7282,0.1153
59,393216,PARALLEL,2.0174,0.1478
59,393216,BROADCAST,2.0316,0.19149999999999998
59,393216,SERIAL,1.9689,0.12250000000000001
59,786432,PARALLEL,2.0870000000000006,0.1351
59,786432,BROADCAST,2.0331,0.2653
59,786432,SERIAL,2.187,0.1196
60,16384,PARALLEL,1.8765999999999998,0.1375
60,16384,BROADCAST,1.7053,0.1395
60,16384,SERIAL,1.7231,0.1048
60,393216,PARALLEL,1.9453,0.14010000000000003
60,393216,BROADCAST,1.8897000000000002,0.1958
60,393216,SERIAL,2.0003,0.11479999999999999
60,786432,PARALLEL,2.0846999999999998,0.1236
60,786432,BROADCAST,2.1474,0.2868
60,786432,SERIAL,2.2268,0.1299
61,16384,PARALLEL,1.8614000000000002,0.1557
61,16384,BROADCAST,1.7510000000000001,0.13820000000000002
61,16384,SERIAL,1.8043,0.1155
61,393216,PARALLEL,1.9172,0.1352
61,393216,BROADCAST,1.9087000000000003,0.1955
61,393216,SERIAL,1.9814,0.11680000000000001
61,786432,PARALLEL,2.2697999999999996,0.1482
61,786432,BROADCAST,2.0646999999999998,0.2811
61,786432,SERIAL,2.2115,0.119
62,16384,PARALLEL,1.8500000000000003,0.1173
62,16384,BROADCAST,1.7775000000000003,0.13119999999999998
62,16384,SERIAL,1.7887,0.1075
62,393216,PARALLEL,2.2159999999999997,0.13079999999999997
62,393216,BROADCAST,2.0500000000000003,0.19910000000000003
62,393216,SERIAL,2.0477,0.11979999999999999
62,786432,PARALLEL,2.1442000000000005,0.13079999999999997
62,786432,BROADCAST,2.2408,0.29019999999999996
62,786432,SERIAL,2.2765999999999997,0.1197
63,16384,PARALLEL,1.8483000000000005,0.11120000000000001
63,16384,BROADCAST,1.8724000000000003,0.1272
63,16384,SERIAL,1.8400999999999996,0.1135
63,393216,PARALLEL,2.0603000000000002,0.14750000000000002
63,393216,BROADCAST,2.065,0.2071
63,393216,SERIAL,2.0563000000000002,0.12080000000000002
63,786432,PARALLEL,2.1893,0.1251
63,786432,BROADCAST,2.1209000000000002,0.2766
63,786432,SERIAL,2.2406,0.13949999999999999
64,16384,PARALLEL,1.8221,0.11760000000000001
64,16384,BROADCAST,1.7747999999999997,0.13410000000000002
64,16384,SERIAL,1.9855999999999998,0.1066
64,393216,PARALLEL,2.0106,0.15650000000000003
64,393216,BROADCAST,1.9759,0.1984
64,393216,SERIAL,2.0247,0.1234
64,786432,PARALLEL,2.1954000000000002,0.14320000000000002
64,786432,BROADCAST,2.3160999999999996,0.28230000000000005
64,786432,SERIAL,2.1851,0.1216
